Workbook

Sheet ResultVisualisation
A1: Comfort rating | C1: Low | D1: Value | E1: High | F1: Mode
A2: =Data!A2 -> HeadFlexion | C2: =Data!B2 -> -30 | D2: =Data!C2 -> -2.2882064e-09 | E2: =Data!D2 -> 30 | F2: =Data!E2 -> 0
A3: =Data!A3 -> HeadLateral | C3: =Data!B3 -> -20 | D3: =Data!C3 -> 1.3784764e-05 | E3: =Data!D3 -> 20 | F3: =Data!E3 -> 0
A4: =Data!A4 -> HeadRotation | C4: =Data!B4 -> -45 | D4: =Data!C4 -> 3.4042844e-05 | E4: =Data!D4 -> 45 | F4: =Data!E4 -> 0
A5: =Data!A5 -> UpperArmFlexionRT | C5: =Data!B5 -> -15 | D5: =Data!C5 -> 0.10237366 | E5: =Data!D5 -> 35 | F5: =Data!E5 -> 10
A6: =Data!A6 -> UpperArmFlexionLT | C6: =Data!B6 -> -15 | D6: =Data!C7 -> 7.9490427 | E6: =Data!D6 -> 35 | F6: =Data!E6 -> 10
A7: =Data!A7 -> UpperArmElevationRT | C7: =Data!B7 -> 0 | D7: =Data!C6 -> 0.10245764 | E7: =Data!D7 -> 30 | F7: =Data!E7 -> 15
A8: =Data!A8 -> UpperArmElevationLT | C8: =Data!B8 -> 0 | D8: =Data!C8 -> 7.9482547 | E8: =Data!D8 -> 30 | F8: =Data!E8 -> 15
A9: =Data!A9 -> HumeralRotationRT | C9: =Data!B9 -> -60 | D9: =Data!C9 -> 0.005402703 | E9: =Data!D9 -> 40 | F9: =Data!E9 -> -10
A10: =Data!A10 -> HumeralRotationLT | C10: =Data!B10 -> -60 | D10: =Data!C10 -> 0.0048717419 | E10: =Data!D10 -> 40 | F10: =Data!E10 -> -10
A11: =Data!A11 -> ElbowFlexionIncludedRT | C11: =Data!B11 -> 80 | D11: =Data!C11 -> 166.56134 | E11: =Data!D11 -> 165 | F11: =Data!E11 -> 122.5
A12: =Data!A12 -> ElbowFlexionIncludedLT | C12: =Data!B12 -> 80 | D12: =Data!C12 -> 166.56286 | E12: =Data!D12 -> 165 | F12: =Data!E12 -> 122.5
A13: =Data!A13 -> ForearmTwistRT | C13: =Data!B13 -> 0 | D13: =Data!C13 -> -0.21511233 | E13: =Data!D13 -> 98 | F13: =Data!E13 -> 49
A14: =Data!A14 -> ForearmTwistLT | C14: =Data!B14 -> 0 | D14: =Data!C14 -> -0.21511249 | E14: =Data!D14 -> 98 | F14: =Data!E14 -> 49
A15: =Data!A15 -> WristUlnarDeviationRT | C15: =Data!B15 -> 0 | D15: =Data!C15 -> 0.53744287 | E15: =Data!D15 -> 10 | F15: =Data!E15 -> 5
A16: =Data!A16 -> WristUlnarDeviationLT | C16: =Data!B16 -> 0 | D16: =Data!C16 -> 0.53744053 | E16: =Data!D16 -> 10 | F16: =Data!E16 -> 5
A17: =Data!A17 -> WristFlexionRT | C17: =Data!B17 -> -25 | D17: =Data!C17 -> 0.0027733721 | E17: =Data!D17 -> 45 | F17: =Data!E17 -> 10
A18: =Data!A18 -> WristFlexionLT | C18: =Data!B18 -> -25 | D18: =Data!C18 -> 0.0023652152 | E18: =Data!D18 -> 45 | F18: =Data!E18 -> 10
A19: =Data!A19 -> TorsoRecline | C19: =Data!B19 -> 10 | D19: =Data!C19 -> 2.550647 | E19: =Data!D19 -> 30 | F19: =Data!E19 -> 20
... A29: =Data!A29 -> AnklePlantarDorsiFlexionLT | C29: =Data!B29 -> 85 | D29: =Data!C29 -> 90 | E29: =Data!D29 -> 110 | F29: =Data!E29 -> 97.5

Sheet Data
A1: Angle | B1: Low | C1: Value | D1: High | E1: Mode | F1: Low | G1: Value | H1: High | I1: OK | J1: NOK
A2: HeadFlexion | B2: -30 | C2: -2.2882064e-09 | D2: 30 | E2: 0 | F2: =B2-$E2 -> -30 | G2: =C2-$E2 -> -2.2882064e-09 | H2: =D2-$E2 -> 30 | I2: =IF(F2<G2,IF(G2<H2,G2,NA()),NA()) -> -2.2882064e-09 | J2: =IF(F2>G2,G2,IF(G2>H2,G2,NA())) -> #N/A
A3: HeadLateral | B3: -20 | C3: 1.3784764e-05 | D3: 20 | E3: 0 | F3: =B3-$E3 -> -20 | G3: =C3-$E3 -> 1.3784764e-05 | H3: =D3-$E3 -> 20 | I3: =IF(F3<G3,IF(G3<H3,G3,NA()),NA()) -> 1.3784764e-05 | J3: =IF(F3>G3,G3,IF(G3>H3,G3,NA())) -> #N/A
A4: HeadRotation | B4: -45 | C4: 3.4042844e-05 | D4: 45 | E4: 0 | F4: =B4-$E4 -> -45 | G4: =C4-$E4 -> 3.4042844e-05 | H4: =D4-$E4 -> 45 | I4: =IF(F4<G4,IF(G4<H4,G4,NA()),NA()) -> 3.4042844e-05 | J4: =IF(F4>G4,G4,IF(G4>H4,G4,NA())) -> #N/A
A5: UpperArmFlexionRT | B5: -15 | C5: 0.10237366 | D5: 35 | E5: 10 | F5: =B5-$E5 -> -25 | G5: =C5-$E5 -> -9.8976263 | H5: =D5-$E5 -> 25 | I5: =IF(F5<G5,IF(G5<H5,G5,NA()),NA()) -> -9.8976263 | J5: =IF(F5>G5,G5,IF(G5>H5,G5,NA())) -> #N/A
A6: UpperArmFlexionLT | B6: -15 | C6: 0.10245764 | D6: 35 | E6: 10 | F6: =B6-$E6 -> -25 | G6: =C6-$E6 -> -9.8975424 | H6: =D6-$E6 -> 25 | I6: =IF(F6<G6,IF(G6<H6,G6,NA()),NA()) -> -9.8975424 | J6: =IF(F6>G6,G6,IF(G6>H6,G6,NA())) -> #N/A
A7: UpperArmElevationRT | B7: 0 | C7: 7.9490427 | D7: 30 | E7: 15 | F7: =B7-$E7 -> -15 | G7: =C7-$E7 -> -7.0509573 | H7: =D7-$E7 -> 15 | I7: =IF(F7<G7,IF(G7<H7,G7,NA()),NA()) -> -7.0509573 | J7: =IF(F7>G7,G7,IF(G7>H7,G7,NA())) -> #N/A
A8: UpperArmElevationLT | B8: 0 | C8: 7.9482547 | D8: 30 | E8: 15 | F8: =B8-$E8 -> -15 | G8: =C8-$E8 -> -7.0517453 | H8: =D8-$E8 -> 15 | I8: =IF(F8<G8,IF(G8<H8,G8,NA()),NA()) -> -7.0517453 | J8: =IF(F8>G8,G8,IF(G8>H8,G8,NA())) -> #N/A
A9: HumeralRotationRT | B9: -60 | C9: 0.005402703 | D9: 40 | E9: -10 | F9: =B9-$E9 -> -50 | G9: =C9-$E9 -> 10.005403 | H9: =D9-$E9 -> 50 | I9: =IF(F9<G9,IF(G9<H9,G9,NA()),NA()) -> 10.005403 | J9: =IF(F9>G9,G9,IF(G9>H9,G9,NA())) -> #N/A
A10: HumeralRotationLT | B10: -60 | C10: 0.0048717419 | D10: 40 | E10: -10 | F10: =B10-$E10 -> -50 | G10: =C10-$E10 -> 10.004872 | H10: =D10-$E10 -> 50 | I10: =IF(F10<G10,IF(G10<H10,G10,NA()),NA()) -> 10.004872 | J10: =IF(F10>G10,G10,IF(G10>H10,G10,NA())) -> #N/A
A11: ElbowFlexionIncludedRT | B11: 80 | C11: 166.56134 | D11: 165 | E11: 122.5 | F11: =B11-$E11 -> -42.5 | G11: =C11-$E11 -> 44.061337 | H11: =D11-$E11 -> 42.5 | I11: =IF(F11<G11,IF(G11<H11,G11,NA()),NA()) -> #N/A | J11: =IF(F11>G11,G11,IF(G11>H11,G11,NA())) -> 44.061337
A12: ElbowFlexionIncludedLT | B12: 80 | C12: 166.56286 | D12: 165 | E12: 122.5 | F12: =B12-$E12 -> -42.5 | G12: =C12-$E12 -> 44.062862 | H12: =D12-$E12 -> 42.5 | I12: =IF(F12<G12,IF(G12<H12,G12,NA()),NA()) -> #N/A | J12: =IF(F12>G12,G12,IF(G12>H12,G12,NA())) -> 44.062862
A13: ForearmTwistRT | B13: 0 | C13: -0.21511233 | D13: 98 | E13: 49 | F13: =B13-$E13 -> -49 | G13: =C13-$E13 -> -49.215112 | H13: =D13-$E13 -> 49 | I13: =IF(F13<G13,IF(G13<H13,G13,NA()),NA()) -> #N/A | J13: =IF(F13>G13,G13,IF(G13>H13,G13,NA())) -> -49.215112
... A29: AnklePlantarDorsiFlexionLT | B29: 85 | C29: 90 | D29: 110 | E29: 97.5 | F29: =B29-$E29 -> -12.5 | G29: =C29-$E29 -> -7.5 | H29: =D29-$E29 -> 12.5 | I29: =IF(F29<G29,IF(G29<H29,G29,NA()),NA()) -> -7.5 | J29: =IF(F29>G29,G29,IF(G29>H29,G29,NA())) -> #N/A
